<?xml version="1.0" encoding="UTF-8"?>
<data>
	<customer id="1" firstname="Firstname1" lastname="Lastname1" phone="32948001" city="City1" country="Country1"  />
	<customer id="2" firstname="Firstname2" lastname="Lastname2" phone="32948002" city="City2" country="Country2"  />
	<customer id="3" firstname="Firstname3" lastname="Lastname3" phone="32948003" city="City3" country="Country3"  />
	<customer id="4" firstname="Firstname4" lastname="Lastname4" phone="32948004" city="City4" country="Country4"  />
	<customer id="5" firstname="Firstname5" lastname="Lastname5" phone="32948005" city="City5" country="Country5"  />
	<customer id="6" firstname="Firstname6" lastname="Lastname6" phone="32948006" city="City6" country="Country6"  />
	<customer id="7" firstname="Firstname7" lastname="Lastname7" phone="32948007" city="City7" country="Country7"  />
	<customer id="8" firstname="Firstname8" lastname="Lastname8" phone="32948008" city="City8" country="Country8"  />
	<customer id="9" firstname="Firstname9" lastname="Lastname9" phone="32948009" city="City9" country="Country9"  />
	<customer id="10" firstname="Firstname10" lastname="Lastname10" phone="32948010" city="City10" country="Country10"  />
	<customer id="11" firstname="Firstname11" lastname="Lastname11" phone="32948011" city="City11" country="Country11"  />
	<customer id="12" firstname="Firstname12" lastname="Lastname12" phone="32948012" city="City12" country="Country12"  />
	<customer id="13" firstname="Firstname13" lastname="Lastname13" phone="32948013" city="City13" country="Country13"  />
	<customer id="14" firstname="Firstname14" lastname="Lastname14" phone="32948014" city="City14" country="Country14"  />
	<customer id="15" firstname="Firstname15" lastname="Lastname15" phone="32948015" city="City15" country="Country15"  />
	<customer id="16" firstname="Firstname16" lastname="Lastname16" phone="32948016" city="City16" country="Country16"  />
	<customer id="17" firstname="Firstname17" lastname="Lastname17" phone="32948017" city="City17" country="Country17"  />
	<customer id="18" firstname="Firstname18" lastname="Lastname18" phone="32948018" city="City18" country="Country18"  />
	<customer id="19" firstname="Firstname19" lastname="Lastname19" phone="32948019" city="City19" country="Country19"  />
	<customer id="20" firstname="Firstname20" lastname="Lastname20" phone="32948020" city="City20" country="Country20"  />
	<customer id="21" firstname="Firstname21" lastname="Lastname21" phone="32948021" city="City21" country="Country21"  />
	<customer id="22" firstname="Firstname22" lastname="Lastname22" phone="32948022" city="City22" country="Country22"  />
	<customer id="23" firstname="Firstname23" lastname="Lastname23" phone="32948023" city="City23" country="Country23"  />
	<customer id="24" firstname="Firstname24" lastname="Lastname24" phone="32948024" city="City24" country="Country24"  />
	<customer id="25" firstname="Firstname25" lastname="Lastname25" phone="32948025" city="City25" country="Country25"  />
	<customer id="26" firstname="Firstname26" lastname="Lastname26" phone="32948026" city="City26" country="Country26"  />
	<customer id="27" firstname="Firstname27" lastname="Lastname27" phone="32948027" city="City27" country="Country27"  />
	<customer id="28" firstname="Firstname28" lastname="Lastname28" phone="32948028" city="City28" country="Country28"  />
	<customer id="29" firstname="Firstname29" lastname="Lastname29" phone="32948029" city="City29" country="Country29"  />
	<customer id="30" firstname="Firstname30" lastname="Lastname30" phone="32948030" city="City30" country="Country30"  />

</data>